<?xml version="1.0" encoding="euc-kr" ?>
<clientinfo>
	<desc>Ragnarok Client Information</desc>
	<servicetype>america</servicetype>
	<servertype>primary</servertype>
	<connection>
		<display>Enhasa</display>
		<desc>Enhasa server for Project Zeal</desc>
      		<address>projectzeal.ddns.net</address>
      		<port>6900</port>
      		<version>55</version>
      		<langtype>1</langtype>
		<registrationweb>www.ragnarok.com</registrationweb>
		<aid>
		<admin>2000000</admin>
		</aid>
		<loading>
			<image>loading00.jpg</image>
			<image>loading01.jpg</image>
			<image>loading02.jpg</image>
			<image>loading03.jpg</image>
			<image>loading04.jpg</image>
			<image>loading05.jpg</image>
			<image>loading06.jpg</image>
		</loading>
   	</connection>
</clientinfo>
